out_0,out_1,out_2,creative_class_0,creative_class_1,creative_class_2,creative_class_3
0.7636155486106873,0.9028446674346924,0.14683669805526733,0,0,0,0
0.6993066668510437,0.9622107744216919,-0.11825890094041824,2,1,0,1
1.0006147623062134,0.6170938611030579,0.14750997722148895,0,0,2,2
