out_0,out_1,out_2
0.6218231916427612,0.9391816854476929,0.6066992282867432
0.9742828607559204,0.9086564183235168,0.08313723653554916
0.18249036371707916,0.8222887516021729,1.0243958234786987
