{
  "input": [
    0.1,
    0.1,
    0.1,
    0.1,
    0.1,
    0.1,
    0.1,
    0.1,
    0.1,
    0.1,
    0.1,
    0.1,
    0.1,
    0.1,
    0.1,
    0.1,
    0.1,
    0.1,
    0.1,
    0.1,
    0.1,
    0.1,
    0.1,
    0.1,
    0.1,
    0.1,
    0.1,
    0.1,
    0.1,
    0.1,
    0.1,
    0.1
  ],
  "output": [
    1.2047317028045654,
    2.048135280609131,
    -0.22147446870803833,
    -0.19225379824638367,
    -0.1540379673242569,
    -0.09524567425251007,
    -0.09152833372354507,
    -0.1105002909898758,
    -0.20204171538352966,
    -0.06413396447896957
  ],
  "std": [
    0.0,
    0.0,
    0.0,
    0.0,
    0.0,
    0.0,
    0.0,
    0.0,
    0.0,
    0.0
  ],
  "stats": {
    "rows": 1,
    "out_dim": 10,
    "min": -0.22147446870803833,
    "max": 2.048135280609131,
    "mean": 0.21216507703065873,
    "uncertainty_mean": 0.0,
    "uncertainty_max": 0.0
  },
  "mc_samples": 1,
  "as_probs": false,
  "adaptive_mc": {
    "enabled": true,
    "initial_mc_samples": 1,
    "threshold": 0.0,
    "max_mc_samples": 4,
    "adapted": false,
    "steps": [],
    "selected_mc_samples": 1
  }
}