{
  "dsl": "[16, 96], diamond: [96], trans: [96], moe: [96, 6, 1], mod: [96, 4, 0.4], [96, 5]",
  "device": "cpu",
  "issues": [],
  "cycles": [
    {
      "cycle": 1,
      "train_loss": 0.39179423451423645,
      "dataset_rows": 1426,
      "dataset_success_rate": 0.15,
      "eval_success_rate": 0.08333333333333333,
      "eval_avg_reward": -1.5349999999999981
    },
    {
      "cycle": 2,
      "train_loss": 0.4014509916305542,
      "dataset_rows": 1378,
      "dataset_success_rate": 0.2,
      "eval_success_rate": 0.3333333333333333,
      "eval_avg_reward": -1.9766666666666632
    },
    {
      "cycle": 3,
      "train_loss": 0.2641049325466156,
      "dataset_rows": 1126,
      "dataset_success_rate": 0.45,
      "eval_success_rate": 0.3333333333333333,
      "eval_avg_reward": -0.5666666666666663
    }
  ],
  "checkpoint": "outputs\\agent_runtime_test\\alpha2_1\\sim_agent.pth",
  "dataset_csv": "outputs\\agent_runtime_test\\alpha2_1\\sim_dataset.csv"
}